id,first_name,DOB,birth_time
1,Andeee,7/25/2007,14:33:39
2,Valene,2/12/2009,18:16:25
3,Christel,5/25/2004,18:28:41
4,Ambrosio,10/7/2004,21:35:30
5,Anabel,10/10/2005,12:46:21
6,Kelila,1/3/2002,11:16:36
7,Arabella,11/7/2001,16:17:30
8,Matthew,8/20/2004,21:23:02
9,Heloise,11/9/2006,9:24:34
10,Korie,5/7/2006,3:46:51
11,Malinde,2/3/2010,10:18:22
12,Alano,1/2/2003,4:50:51
13,Durante,2/28/2006,17:34:19
14,Nicolette,11/5/2001,3:45:15
15,Roshelle,5/23/2007,13:56:51
16,Jerrilee,12/11/2001,15:21:53
17,Elladine,4/11/2002,8:28:27
18,Amabel,12/7/2008,20:17:28
19,Ally,6/23/2001,21:35:22
20,Therese,7/12/2006,5:08:51
21,Gertie,4/8/2005,14:04:13
22,Devonne,7/4/2004,0:40:36
23,Hersch,8/29/2004,10:37:54
24,Chloe,2/20/2004,4:49:04
25,Cathlene,5/25/2003,21:50:05
26,Engracia,9/22/2003,14:22:06
27,Claribel,10/22/2006,4:51:26
28,Dodi,2/13/2005,13:22:20
29,Heddi,4/11/2007,0:00:56
30,Elayne,11/7/2002,7:14:21
31,Trudie,11/7/2006,7:50:45
32,Brandy,8/9/2003,2:45:36
33,Howard,1/27/2010,20:14:24
34,Averell,9/1/2001,10:33:58
35,Ives,7/19/2003,5:17:00
36,Delano,11/2/2006,2:37:06
37,Hailee,9/27/2005,6:24:17
38,Ingram,9/28/2007,3:52:52
39,Jori,10/9/2003,7:13:58
40,Ive,1/14/2003,3:59:50
41,Amber,6/24/2002,19:41:24
42,Rafferty,9/21/2003,21:15:46
43,Danice,8/8/2009,7:55:50
44,Tallie,7/3/2005,6:14:36
45,Clint,9/22/2003,4:51:19
46,Audy,7/17/2004,17:23:01
47,Kathye,1/26/2003,8:25:31
48,Bradford,4/2/2009,9:01:46
49,Wayland,2/11/2007,8:59:41
50,Moselle,12/11/2004,6:40:56
51,Rawley,10/7/2004,6:16:15
52,Darelle,4/17/2007,12:01:52
53,Stafford,8/1/2004,7:27:20
54,Bernice,9/11/2005,20:03:24
55,Florina,10/20/2003,6:16:32
56,Daffy,11/15/2006,4:15:05
57,Leo,5/28/2010,22:41:54
58,Cher,9/17/2009,0:22:57
59,Tamiko,2/15/2005,0:17:24
60,Carmen,9/8/2006,8:54:51
61,Toddy,6/30/2001,0:27:02
62,Ruthie,2/20/2004,20:28:43
63,Welsh,4/5/2002,5:00:55
64,Wesley,6/10/2002,10:33:15
65,Merissa,6/9/2002,21:52:05
66,Adela,8/12/2009,2:18:21
67,Annabelle,7/22/2002,21:44:50
68,Robby,4/14/2002,13:31:06
69,Heida,3/3/2003,14:05:30
70,Alicia,12/3/2004,2:16:56
71,Kellia,12/21/2009,7:51:55
72,Gonzalo,11/30/2003,5:34:28
73,Cosimo,7/11/2005,0:42:06
74,Zorine,10/18/2007,8:54:55
75,Horton,2/5/2010,3:50:38
76,Mariel,6/20/2010,13:50:52
77,Devin,2/28/2003,3:59:03
78,Marsha,12/20/2007,2:37:18
79,Edgard,8/8/2007,1:42:39
80,Kelsey,9/20/2007,23:11:43
81,Gillie,3/2/2010,3:52:12
82,Burlie,6/21/2006,11:34:35
83,Alvira,8/1/2007,17:46:31
84,Denni,2/27/2005,13:45:44
85,Leslie,8/26/2009,1:23:41
86,Yovonnda,10/28/2009,13:43:40
87,Cate,6/6/2001,2:53:10
88,Isidore,3/30/2007,10:57:31
89,Lizbeth,8/9/2003,18:50:29
90,Francesco,6/29/2009,0:00:14
91,Theo,8/12/2006,8:25:13
92,Coletta,10/28/2002,20:04:21
93,Patsy,8/19/2002,10:07:03
94,Barbi,4/4/2002,5:21:10
95,Junette,6/16/2005,18:00:07
96,Natalie,12/5/2005,11:01:54
97,Jilleen,3/8/2007,14:15:29
98,Dorotea,3/14/2001,9:14:28
99,Theodora,6/2/2004,11:23:40
100,Roanne,6/16/2008,7:59:33
101,Tamara,4/20/2007,7:55:51
102,Lanae,2/16/2010,16:24:45
103,Terri-jo,11/28/2006,20:16:17
104,Bee,12/15/2007,12:41:57
105,Ancell,11/21/2007,1:11:41
106,Marcy,4/4/2005,6:33:20
107,Maris,7/12/2007,15:53:02
108,Shelbi,9/23/2006,8:43:23
109,Haleigh,10/2/2005,22:17:14
110,Caesar,5/27/2003,14:28:12
111,Eadie,1/12/2007,7:23:17
112,Binny,11/5/2009,18:26:42
113,Eartha,8/21/2002,15:41:30
114,Stanley,8/21/2001,17:56:46
115,Walden,12/5/2003,21:25:37
116,Lynnett,12/16/2001,19:37:27
117,Lib,4/12/2010,12:25:13
118,Marys,9/17/2003,0:31:21
119,Frannie,8/26/2010,23:37:52
120,Kimmy,8/6/2005,6:51:20
121,Matty,1/13/2009,10:04:58
122,Ddene,11/19/2008,7:39:59
123,Lauritz,9/14/2006,15:25:00
124,Marianne,1/11/2002,5:36:15
125,Ludvig,3/10/2010,17:19:29
126,Lind,6/9/2005,18:38:06
127,Brenn,2/20/2009,7:48:26
128,Terri-jo,12/8/2007,15:59:11
129,Annie,8/30/2002,13:51:38
130,Iormina,10/22/2004,13:36:40
131,Persis,9/27/2005,6:24:50
132,Haskel,6/2/2002,1:24:10
133,Danica,5/29/2003,20:13:33
134,L;urette,12/20/2009,11:51:33
135,Marta,11/9/2009,0:04:10
136,Gerrilee,6/22/2007,2:20:50
137,Krista,10/9/2003,22:31:20
138,Bran,1/28/2007,1:50:02
139,Sig,4/13/2003,22:11:26
140,Eugenia,8/17/2001,1:43:43
141,Neel,10/19/2007,15:08:38
142,Willette,10/9/2002,20:08:59
143,Bo,5/1/2003,19:01:46
144,Magdalene,1/24/2001,18:52:03
145,Nehemiah,10/17/2006,21:21:24
146,Alix,4/3/2005,15:35:22
147,Clem,1/20/2008,11:03:02
148,Luella,3/11/2007,22:51:53
149,Nert,8/24/2005,9:08:20
150,Dominick,10/30/2005,11:18:37
151,Early,2/21/2004,9:56:48
152,Franchot,8/20/2005,17:19:11
153,Adler,4/13/2005,18:14:23
154,Winthrop,6/29/2007,4:07:56
155,Jenni,10/20/2003,3:14:59
156,Merrilee,7/24/2001,11:05:32
157,Tally,9/6/2001,2:54:14
158,Brandy,11/9/2003,4:58:58
159,Crawford,11/24/2005,5:31:40
160,Fawnia,6/11/2010,2:51:45
161,Babb,12/5/2000,7:36:04
162,Cathie,12/30/2008,23:05:50
163,Hinze,3/15/2004,16:35:46
164,Doralin,12/20/2001,1:07:37
165,Nichol,1/14/2004,5:04:33
166,Kerstin,2/24/2005,10:48:07
167,Robbie,9/17/2006,22:31:46
168,Ashlan,10/14/2009,21:03:29
169,Johnny,2/13/2005,5:21:51
170,Wilton,7/29/2004,18:25:47
171,Jerald,12/10/2008,7:18:33
172,Maureen,9/2/2006,12:35:44
173,Ingeborg,1/4/2010,19:42:01
174,Miner,4/19/2009,10:03:29
175,Haskel,6/11/2001,20:09:19
176,Leland,9/5/2010,20:39:42
177,Carmela,5/17/2003,11:04:43
178,Ahmed,11/18/2006,13:19:44
179,Sterling,9/21/2006,6:08:16
180,Fina,5/9/2010,9:25:05
181,Frederigo,10/24/2009,21:28:04
182,Myrah,7/31/2006,4:30:45
183,Frasier,10/7/2010,2:09:39
184,Iver,7/14/2004,19:47:15
185,Edithe,6/6/2008,18:33:06
186,Dulcinea,6/3/2002,6:00:36
187,Ashleigh,9/15/2001,22:58:46
188,Hugibert,1/29/2008,13:41:05
189,Tad,2/15/2007,22:17:55
190,Wilfred,3/16/2001,0:15:28
191,Ceil,12/19/2008,2:58:23
192,Alison,9/15/2007,14:45:36
193,Elita,7/11/2008,11:32:56
194,Lisette,10/5/2002,11:24:07
195,Brett,3/20/2002,20:33:48
196,Finley,7/5/2009,16:39:10
197,Kary,2/28/2009,19:13:46
198,Hyacinthe,11/27/2004,3:46:39
199,Obediah,8/12/2010,6:27:48
200,Jeno,5/6/2002,22:50:04
201,Malynda,4/8/2008,15:19:23
202,Brand,12/26/2002,21:54:11
203,Lloyd,10/31/2007,0:00:40
204,Maribeth,8/15/2001,18:40:59
205,Inness,11/25/2005,6:04:41
206,Noelani,7/22/2007,20:12:22
207,Audi,10/8/2002,8:33:19
208,Dora,11/6/2006,6:17:55
209,Yoshiko,11/1/2006,16:08:02
210,Kirby,1/19/2009,5:53:56
211,Nathan,10/15/2002,3:49:48
212,Cherin,12/31/2005,9:55:44
213,Berget,10/26/2000,11:50:48
214,Aloisia,8/31/2005,0:40:57
215,Noby,1/19/2001,13:54:44
216,Marley,10/31/2005,4:57:01
217,Kettie,3/2/2001,1:43:04
218,Bekki,10/11/2003,22:54:21
219,Brnaby,1/15/2003,20:00:04
220,Kessiah,10/12/2001,5:29:39
221,Wilfrid,8/24/2001,4:24:37
222,Gael,10/15/2001,3:51:59
223,Sandi,6/15/2003,15:04:25
224,Daveen,5/7/2008,2:05:34
225,Oralie,10/20/2002,12:20:05
226,Kara-lynn,2/14/2008,0:10:56
227,Colleen,11/29/2006,10:24:18
228,Ardisj,4/22/2010,8:06:58
229,Juli,1/19/2003,12:46:14
230,Drusilla,11/4/2000,14:27:31
231,Sheilah,12/29/2008,0:34:19
232,Nadine,5/26/2009,18:42:33
233,Udale,7/22/2008,2:32:58
234,Shandra,10/31/2001,21:36:42
235,Lou,6/17/2006,14:15:52
236,Arnie,2/14/2005,6:42:47
237,Rosetta,5/26/2010,22:39:03
238,Cherin,7/10/2001,23:20:51
239,Nolly,12/6/2008,3:43:09
240,Lavena,8/29/2007,15:55:38
241,Minna,6/9/2005,15:33:09
242,Jaquenetta,1/13/2010,6:49:15
243,Vivienne,9/5/2009,6:06:29
244,Martynne,10/7/2008,8:18:01
245,Udale,5/25/2009,7:46:47
246,Kendricks,12/3/2005,22:44:04
247,Michaelina,5/14/2003,5:23:14
248,Mollie,5/15/2010,12:12:34
249,Elmore,2/9/2010,12:32:13
250,Brendan,10/26/2009,12:41:12
251,Darya,2/23/2004,19:06:39
252,Allistir,5/21/2007,23:15:57
253,Jaimie,8/7/2010,9:17:03
254,Sax,10/21/2000,16:50:46
255,Bailey,12/27/2007,22:46:35
256,Koren,7/22/2005,15:25:24
257,Yulma,10/8/2002,6:26:37
258,Suzann,5/3/2007,17:36:42
259,Francklin,9/11/2010,17:00:50
260,Moll,8/26/2002,14:12:49
261,Jasmin,9/24/2005,3:30:37
262,Rania,11/20/2002,11:46:18
263,Garold,11/12/2007,15:13:26
264,Edgardo,7/28/2001,23:02:03
265,Sigismondo,6/14/2006,19:29:56
266,Fionnula,3/30/2001,18:05:27
267,Jennilee,8/18/2010,5:46:29
268,Elonore,1/29/2009,13:57:45
269,Adelaida,5/12/2006,19:27:12
270,Minnie,5/2/2006,16:17:02
271,Lucas,12/19/2007,13:22:51
272,Trumann,10/25/2009,8:39:52
273,Lauritz,5/17/2006,16:50:32
274,Kelley,1/16/2002,7:13:00
275,Sanford,2/13/2008,0:40:29
276,Ellswerth,1/9/2001,5:06:26
277,Wendi,9/27/2009,11:39:23
278,Willyt,5/8/2004,1:40:34
279,Kelila,4/10/2001,12:12:37
280,Murvyn,10/16/2008,0:57:51
281,Rowney,4/7/2008,23:18:54
282,Kizzie,11/23/2009,17:36:55
283,Warde,5/3/2010,23:16:13
284,Noami,9/15/2004,5:56:04
285,Kipp,11/21/2001,14:18:38
286,Hamilton,1/10/2005,5:31:31
287,Quillan,11/20/2001,12:00:08
288,Vivyan,2/11/2007,23:06:08
289,Dar,2/8/2004,19:50:47
290,Teddy,9/6/2010,4:12:08
291,Lyndy,12/25/2004,3:43:51
292,Chelsie,9/6/2004,18:52:26
293,Elizabet,10/4/2002,5:53:29
294,Abbe,4/1/2007,3:35:05
295,Kliment,11/6/2006,8:58:27
296,Guthry,4/1/2005,16:54:29
297,Butch,6/1/2008,8:10:34
298,Rolf,1/16/2002,5:22:55
299,Darell,1/23/2005,21:37:23
300,Mildred,2/24/2010,6:18:12
301,Arte,8/20/2003,11:37:28
302,Kyle,9/17/2007,20:34:12
303,Tessi,10/31/2004,14:04:27
304,Trina,6/12/2007,20:04:06
305,Deloris,11/30/2002,17:27:36
306,Albert,11/12/2007,2:43:30
307,Staci,9/8/2009,20:12:04
308,Sibyl,6/10/2005,0:41:11
309,Domenic,7/19/2004,0:16:13
310,Patrica,6/1/2004,10:20:09
311,Romonda,2/7/2006,5:25:42
312,Odille,3/26/2005,19:01:46
313,Creigh,12/30/2006,0:41:30
314,Emilio,12/18/2002,18:27:06
315,Megan,10/29/2002,17:37:47
316,Casandra,11/7/2009,4:16:50
317,Bernarr,2/20/2005,1:06:14
318,Lem,1/7/2002,20:01:55
319,Mandi,4/14/2005,16:15:03
320,Madelyn,5/8/2003,10:27:41
321,Nichols,11/3/2005,21:07:00
322,Minetta,2/18/2007,11:30:15
323,Welby,12/17/2005,9:17:17
324,Prescott,8/23/2001,3:42:36
325,Geri,9/30/2001,3:52:49
326,Way,9/13/2010,15:47:56
327,Christian,10/2/2003,4:51:58
328,Jeromy,9/13/2003,8:49:29
329,Judith,12/14/2001,3:00:12
330,Reggy,7/24/2005,16:38:24
331,Willdon,1/17/2005,11:17:08
332,Bonnibelle,2/1/2007,16:04:56
333,Opaline,12/29/2008,6:47:53
334,Grace,1/24/2001,11:43:22
335,Wiatt,3/24/2006,17:58:09
336,Carmella,5/27/2006,0:02:15
337,Willy,8/12/2010,13:02:25
338,Barbaraanne,7/18/2005,9:16:31
339,Kris,11/27/2000,6:38:18
340,Cassaundra,2/14/2002,13:44:43
341,Jsandye,1/21/2010,13:19:52
342,Fabiano,11/26/2001,16:51:53
343,Bernadette,6/19/2008,0:05:22
344,Herrick,7/9/2009,3:39:01
345,Shir,2/25/2007,2:29:18
346,Marieann,1/30/2006,16:49:33
347,Vanya,9/25/2004,18:27:24
348,Brandie,11/9/2003,7:11:45
349,Eugen,6/10/2001,5:11:32
350,Ketty,9/4/2003,21:21:26
351,Wylma,8/17/2009,21:13:50
352,Elvyn,3/3/2010,1:53:14
353,Mildrid,1/2/2002,3:50:55
354,Jae,8/18/2006,11:15:44
355,Wain,9/17/2008,21:37:45
356,Randal,9/3/2004,8:12:52
357,Vinson,6/12/2002,8:34:28
358,Gertrudis,11/20/2001,20:22:02
359,Estele,4/27/2006,4:40:17
360,Debbi,2/12/2010,8:41:24
361,Sheryl,6/22/2002,8:18:49
362,Nikki,11/21/2004,17:45:37
363,Corbin,2/1/2008,15:02:13
364,Becky,10/22/2006,21:12:11
365,Gilbertine,1/31/2003,15:52:10
366,Findlay,12/11/2005,0:03:41
367,Joycelin,12/25/2001,10:48:31
368,Marcy,5/23/2009,14:24:04
369,Junie,1/31/2006,12:37:27
370,Sarah,12/13/2005,10:45:51
371,Jyoti,12/16/2004,1:52:02
372,Karita,6/9/2008,17:59:40
373,Aksel,9/3/2006,13:54:28
374,Malanie,8/9/2006,14:16:27
375,Biddy,3/23/2007,9:22:31
376,Carmina,11/26/2002,9:30:00
377,Aila,10/25/2008,0:47:53
378,Chrisse,4/6/2007,21:32:34
379,Inez,8/11/2004,17:18:33
380,Leora,7/13/2008,20:31:03
381,Flore,2/21/2004,13:33:42
382,Mag,10/16/2004,9:17:27
383,Zak,10/9/2008,20:09:15
384,Rufe,3/14/2007,11:09:11
385,Erma,8/23/2009,4:16:46
386,Micky,3/5/2002,21:52:12
387,Corey,9/8/2009,6:56:28
388,Amitie,8/21/2008,3:27:11
389,Berny,6/17/2009,8:06:57
390,Obadiah,8/15/2003,21:56:06
391,Alicia,9/30/2001,3:55:54
392,Rosana,3/5/2007,15:22:55
393,Katharyn,7/12/2008,7:01:33
394,Andros,3/11/2005,3:25:59
395,Kathrine,7/9/2003,2:43:48
396,Tanner,2/25/2006,7:15:29
397,Simona,8/12/2009,10:45:31
398,Petra,2/20/2004,22:07:35
399,Floris,4/6/2010,0:10:39
400,Tallulah,1/4/2007,13:19:28
401,Almeta,8/4/2001,15:19:57
402,Rosana,1/17/2009,3:59:06
403,Merola,12/14/2007,19:23:08
404,Karil,5/11/2007,12:17:40
405,Salvador,2/24/2005,0:31:10
406,Gus,8/31/2006,20:36:23
407,Babbette,6/15/2008,21:46:49
408,Cary,7/13/2001,7:43:14
409,Jerad,1/12/2006,2:14:41
410,Hamlen,1/30/2004,13:41:44
411,Jude,4/15/2003,9:55:21
412,Saxe,8/10/2003,14:48:17
413,Margeaux,3/8/2009,19:35:27
414,Giffie,1/4/2010,22:57:17
415,Adey,11/22/2008,10:45:24
416,William,9/14/2001,13:01:15
417,Julienne,5/24/2007,10:45:59
418,Theda,11/3/2008,8:28:21
419,Dougy,2/5/2005,23:13:52
420,Ellswerth,4/13/2003,8:01:45
421,Sumner,11/3/2000,22:38:34
422,Helaina,3/14/2008,3:18:04
423,Josie,5/1/2004,14:57:34
424,Renata,4/18/2003,14:14:04
425,Coleman,7/20/2001,0:30:50
426,Dulci,4/25/2005,4:34:02
427,Diahann,6/12/2008,11:21:36
428,Rose,8/30/2004,4:24:26
429,Orelee,7/28/2001,11:34:16
430,Hazel,1/31/2001,18:52:31
431,Krysta,11/5/2004,10:28:03
432,Beitris,3/29/2009,9:21:43
433,Layton,8/4/2010,9:03:43
434,Alejoa,1/29/2007,7:24:54
435,Rubia,11/13/2008,5:46:22
436,Rosamund,8/20/2007,9:47:55
437,Leontine,7/24/2006,7:56:33
438,Datha,1/25/2005,7:48:44
439,Jany,5/23/2005,3:30:26
440,Wilbert,4/25/2010,12:29:11
441,Byram,2/23/2006,18:43:07
442,Osmond,6/23/2005,4:55:11
443,Nichole,11/8/2008,21:24:56
444,Cart,3/18/2002,12:19:28
445,Maggie,7/7/2009,21:44:08
446,Ramsay,3/25/2010,7:21:01
447,Roland,7/30/2002,6:17:50
448,Tiphany,12/1/2000,3:46:01
449,Mignon,2/26/2004,19:16:34
450,Leesa,1/1/2003,12:55:17
451,Ethel,1/1/2003,23:18:12
452,Gabriellia,4/5/2007,11:45:48
453,Alden,8/24/2001,4:35:23
454,Davin,7/13/2003,17:39:39
455,Hedwig,4/30/2005,8:01:18
456,Ammamaria,3/3/2001,3:36:45
457,Jasmine,4/29/2005,12:52:34
458,Daniella,7/20/2010,0:49:44
459,Sergeant,7/8/2003,22:17:42
460,Sydney,2/10/2010,16:01:24
461,Brita,10/14/2008,8:35:29
462,Leandra,11/18/2003,15:39:57
463,Catrina,5/1/2006,3:54:47
464,Elnora,12/22/2006,3:26:27
465,Arman,7/30/2002,5:56:24
466,Karilynn,9/3/2002,23:00:48
467,Ivonne,11/14/2009,12:40:00
468,Pascale,3/21/2003,10:24:16
469,Tyrus,3/6/2008,17:03:33
470,Beverlie,2/11/2003,2:13:43
471,Maurine,6/5/2009,17:19:50
472,Gwenore,9/27/2009,11:25:34
473,Abagail,1/21/2001,9:46:50
474,Ruthann,6/18/2010,11:17:02
475,Pippy,6/18/2006,14:39:13
476,Allegra,12/8/2001,15:03:36
477,Nicolle,9/15/2008,5:19:51
478,Jessica,1/1/2003,19:12:59
479,Toma,5/15/2004,7:49:32
480,Abbe,11/23/2007,5:29:27
481,Waring,3/29/2007,8:16:32
482,Anthiathia,10/15/2001,18:49:11
483,Rhea,3/6/2006,3:15:18
484,Barnard,7/23/2010,9:58:01
485,Farlay,9/23/2005,18:17:17
486,Ross,8/15/2006,22:12:04
487,Norris,5/18/2006,11:30:53
488,Jo-anne,1/14/2008,7:24:10
489,Grayce,5/9/2003,19:11:45
490,Myrtice,10/12/2010,14:30:17
491,Georgianne,10/21/2001,15:05:34
492,Guglielmo,6/21/2002,1:49:15
493,Milo,7/3/2001,10:05:25
494,Eleni,5/20/2004,17:27:47
495,Joline,9/26/2007,20:41:00
496,Murdoch,9/28/2001,7:05:39
497,Ambros,10/22/2001,3:46:53
498,Pat,9/26/2003,10:55:23
499,Bonnee,4/19/2006,21:22:31
500,Leah,8/4/2009,0:39:00
501,Lynnet,1/5/2006,14:21:44
502,Peirce,7/21/2006,21:36:40
503,Jilli,10/23/2009,9:46:20
504,Berkly,7/19/2005,13:44:54
505,Thom,5/29/2006,6:09:17
506,Hilliary,4/6/2001,12:46:34
507,Elise,5/6/2008,0:47:14
508,Olly,8/11/2001,20:51:39
509,Naoma,2/19/2002,6:23:18
510,Kendra,2/13/2004,1:44:09
511,Elsa,5/24/2003,7:02:27
512,Billie,8/15/2007,20:40:25
513,Billy,1/6/2002,21:39:33
514,Paulie,2/26/2004,16:39:56
515,Orazio,8/6/2002,9:24:25
516,Irvin,8/23/2008,0:37:25
517,Anya,10/30/2003,20:53:11
518,Risa,1/14/2002,11:10:36
519,Belva,4/8/2006,10:56:28
520,Riordan,4/26/2010,0:00:57
521,Jessi,5/19/2003,9:28:38
522,Ruby,5/12/2010,2:01:40
523,Halimeda,6/5/2001,4:58:31
524,Cheryl,8/22/2002,9:13:11
525,Cole,3/7/2008,7:59:40
526,Wake,1/12/2006,17:59:02
527,Coleen,2/3/2005,15:05:25
528,Brennan,8/5/2002,18:36:31
529,Lisle,1/31/2009,12:23:35
530,Ignacius,10/2/2010,22:48:25
531,Jesus,11/18/2009,15:01:08
532,Linc,4/23/2009,6:24:13
533,Sibelle,8/17/2006,16:52:18
534,Reinwald,12/9/2008,22:36:20
535,Muffin,7/27/2008,17:40:14
536,Goran,2/16/2010,22:40:20
537,Dari,1/10/2002,15:42:11
538,Angelica,9/27/2007,9:46:49
539,Courtney,12/3/2007,4:13:09
540,Heddie,8/10/2003,9:27:20
541,Elianore,12/12/2004,6:39:30
542,Maurene,8/19/2006,12:01:06
543,Ynez,9/22/2003,18:32:07
544,Jamie,1/3/2009,5:41:35
545,Garrett,7/11/2004,2:00:11
546,Abbie,9/7/2010,5:03:39
547,Winthrop,12/19/2002,20:26:44
548,Ilyse,12/30/2004,19:09:08
549,Maegan,10/8/2005,3:55:42
550,Rici,4/25/2010,5:07:55
551,Willdon,10/2/2009,2:56:38
552,Dav,11/25/2008,16:34:11
553,Lind,8/22/2002,2:31:53
554,Lou,9/12/2005,5:32:44
555,Romona,2/8/2008,13:56:00
556,Ansell,11/11/2004,17:02:27
557,Cammi,6/3/2005,19:14:44
558,Tuesday,9/16/2001,20:14:20
559,Con,11/29/2006,1:56:04
560,Elvyn,11/6/2003,7:18:35
561,Rice,1/25/2006,2:38:31
562,Dwayne,5/25/2006,8:05:54
563,Izzy,5/1/2001,7:44:53
564,Lucky,1/2/2001,23:10:45
565,Markus,5/10/2010,14:04:49
566,Hynda,12/14/2004,5:39:12
567,Davina,6/26/2010,21:38:44
568,Nate,10/10/2002,15:39:19
569,Iosep,7/3/2006,17:53:26
570,Davey,4/15/2003,5:38:46
571,Amie,6/26/2002,1:12:13
572,Janna,2/2/2005,15:49:32
573,Hagen,4/23/2009,9:26:13
574,Georgy,9/27/2004,21:40:45
575,Marena,5/25/2006,16:49:58
576,Fionnula,8/1/2002,9:43:20
577,Tami,4/25/2008,8:39:59
578,Corilla,8/16/2005,11:30:47
579,Arley,1/30/2009,16:25:28
580,Levi,8/20/2004,5:51:39
581,Danyelle,12/4/2008,9:30:51
582,Annecorinne,3/9/2010,20:06:11
583,Gavrielle,10/3/2009,21:38:40
584,Estele,3/19/2003,3:30:02
585,Ferdinande,8/9/2005,7:33:34
586,Andris,6/17/2008,3:14:17
587,Verney,8/27/2010,7:23:40
588,Fran,1/27/2001,16:24:28
589,Kordula,9/29/2003,13:07:04
590,Raffarty,7/10/2007,1:15:21
591,Carmela,10/18/2003,12:46:21
592,Oralee,4/29/2003,6:17:13
593,Marvin,5/10/2007,12:59:53
594,Lenette,3/17/2005,22:50:05
595,Lenore,4/9/2007,13:05:14
596,Derril,3/24/2005,5:10:18
597,Mendel,10/11/2005,10:26:30
598,Moll,10/14/2001,5:42:40
599,Elladine,9/3/2002,4:38:59
600,Paolina,10/22/2007,22:05:55
601,Janos,3/14/2009,4:38:37
602,Aurlie,12/14/2009,0:11:02
603,Monro,2/12/2002,6:35:08
604,Odie,5/26/2003,14:54:41
605,Electra,7/21/2007,7:55:21
606,Merrill,11/13/2005,3:30:03
607,Hyatt,7/26/2003,20:13:24
608,Anselm,5/13/2008,6:41:53
609,Maris,11/26/2000,17:52:19
610,Mady,5/6/2007,6:54:14
611,Horst,4/21/2002,4:29:07
612,Branden,11/10/2007,21:08:46
613,Ernestine,11/19/2008,16:56:54
614,Drona,4/10/2010,11:00:14
615,Randy,3/3/2004,12:44:41
616,Thayne,12/7/2005,3:38:43
617,Otis,9/18/2004,23:14:41
618,Twyla,6/4/2004,14:09:19
619,Gardy,3/20/2005,4:02:40
620,Ainslee,12/10/2003,17:39:48
621,Mortimer,10/15/2001,4:22:17
622,Aaren,12/2/2003,18:08:04
623,Carolann,7/23/2010,3:29:35
624,Mackenzie,12/1/2000,7:34:25
625,Anjanette,2/20/2004,13:41:23
626,Yul,6/17/2003,13:11:32
627,Freedman,8/12/2002,17:14:25
628,Randa,12/2/2003,11:31:51
629,Kirbee,6/11/2009,11:10:16
630,Marcy,1/15/2010,7:26:38
631,Ludwig,7/29/2001,8:40:39
632,Ange,8/13/2005,1:10:28
633,Regan,8/26/2004,2:50:17
634,Bertie,6/11/2010,2:03:25
635,Tam,12/14/2004,22:49:10
636,Kassi,4/25/2005,11:26:00
637,Luisa,3/2/2003,13:57:11
638,Garreth,10/26/2008,22:48:07
639,Smitty,6/25/2001,22:31:20
640,Valaria,5/25/2010,6:49:38
641,Mellie,9/16/2002,21:46:08
642,Orion,9/18/2010,15:14:54
643,Tarra,4/24/2001,21:42:49
644,Karim,11/27/2008,6:16:18
645,Guss,7/1/2007,5:59:02
646,Milzie,11/9/2007,12:38:42
647,Hadley,5/9/2006,8:04:09
648,Lorene,12/21/2005,12:50:44
649,Alfie,9/1/2002,12:48:48
650,Gretchen,3/8/2004,19:58:47
651,Adamo,5/14/2005,17:53:51
652,Torry,3/17/2007,18:43:42
653,Yancy,1/10/2003,17:52:03
654,Van,9/21/2001,6:24:10
655,Giorgio,4/6/2004,18:30:22
656,Kristofer,9/14/2006,4:34:43
657,Natalee,1/8/2006,16:18:01
658,Don,2/25/2004,17:09:48
659,Phedra,5/19/2001,21:34:56
660,Boy,8/27/2007,4:19:49
661,Hollie,1/15/2008,12:02:40
662,Kalina,2/15/2007,17:35:27
663,Nial,6/30/2003,9:31:07
664,Fredek,8/30/2005,20:06:55
665,Justinn,5/4/2005,8:26:37
666,Madlen,4/27/2007,10:10:42
667,Ivory,2/17/2001,6:15:10
668,Melvyn,8/30/2005,11:02:27
669,Maxie,4/2/2002,3:39:19
670,Margi,1/7/2002,10:48:35
671,Lora,12/9/2008,17:34:21
672,Amberly,9/16/2002,19:14:56
673,Neala,8/21/2002,12:37:30
674,Hilarius,5/20/2003,12:23:06
675,Robert,2/13/2006,11:05:20
676,Marlo,9/29/2007,8:21:34
677,Janie,1/1/2003,17:59:00
678,Edi,8/26/2004,13:42:59
679,Gwenni,10/13/2005,17:35:19
680,Sayer,10/23/2004,10:44:39
681,Gae,5/24/2007,7:39:17
682,Othella,12/28/2005,0:22:21
683,Mace,7/20/2004,0:30:06
684,Carla,9/5/2010,8:58:01
685,Kassey,1/25/2006,11:40:19
686,Adela,2/19/2006,6:06:23
687,Baldwin,7/10/2007,12:28:48
688,Rubetta,3/29/2001,6:19:55
689,Harli,9/11/2002,6:34:35
690,Isis,6/28/2003,10:52:31
691,Adolphus,5/2/2008,5:10:06
692,Stefa,12/9/2001,22:31:57
693,Cherey,11/21/2008,19:45:01
694,Heall,9/12/2010,13:47:58
695,Billy,2/14/2003,2:43:02
696,Dewitt,4/16/2006,9:34:49
697,Latia,4/26/2009,18:43:29
698,Gan,10/19/2002,12:19:13
699,Ax,6/11/2009,18:39:11
700,Mohandis,1/24/2004,9:11:56
701,Skipton,5/14/2005,4:50:52
702,Hollie,3/13/2009,3:38:30
703,Samuele,7/14/2003,2:03:12
704,Myrwyn,4/2/2005,5:34:01
705,Elliott,8/10/2010,21:54:29
706,Elaine,4/14/2006,12:01:45
707,Grete,11/5/2007,22:32:25
708,Annadiana,9/3/2002,1:37:52
709,Zedekiah,10/2/2006,7:36:45
710,Carmita,3/13/2004,19:52:50
711,Wynny,4/18/2007,18:07:10
712,Jareb,8/22/2009,16:49:58
713,Antonietta,10/28/2006,10:24:21
714,Steffen,1/15/2003,0:22:43
715,Rhetta,8/1/2004,12:05:22
716,Benyamin,10/30/2009,17:35:34
717,Wendye,11/2/2003,17:07:04
718,Chrystal,9/2/2005,10:32:30
719,Nicoli,3/8/2007,1:06:35
720,Beau,12/26/2001,7:48:33
721,Lazare,10/23/2005,16:06:31
722,Adel,12/31/2000,10:19:43
723,Uriah,1/30/2001,18:29:15
724,Sara,11/24/2008,18:22:39
725,Shelden,7/31/2003,6:10:32
726,Marlie,11/20/2001,22:10:46
727,Jamima,6/21/2001,15:12:38
728,Chilton,2/12/2004,2:36:55
729,Marcellina,11/16/2001,2:00:56
730,Hilario,7/31/2009,12:14:31
731,Trixi,1/22/2009,2:03:01
732,Sunshine,4/24/2003,2:49:41
733,Hope,4/15/2004,11:36:24
734,Barn,1/27/2001,23:48:06
735,Alessandra,1/28/2002,12:04:14
736,Cullie,12/21/2007,1:47:17
737,Kevan,3/29/2010,6:17:44
738,Thorny,8/6/2001,9:04:59
739,Marylinda,7/27/2002,3:22:21
740,Aldo,8/27/2004,7:57:58
741,Gaylord,9/5/2004,12:27:09
742,Hillyer,7/1/2008,12:00:44
743,Zerk,4/18/2003,12:09:21
744,Billye,5/26/2003,3:02:31
745,Eadmund,10/2/2003,12:25:24
746,Wesley,1/15/2010,13:42:28
747,Antonin,8/14/2006,0:48:22
748,Chris,6/27/2010,14:43:20
749,Cissy,3/24/2004,1:36:54
750,Elke,8/27/2005,0:00:05
751,Leda,12/12/2007,16:20:09
752,Scarlet,4/25/2001,13:30:45
753,Eldon,10/5/2010,19:59:22
754,Jeremy,4/4/2007,1:53:17
755,Ranice,1/6/2005,12:31:25
756,Reid,10/20/2003,3:48:47
757,Goldi,12/21/2005,19:06:05
758,Bourke,10/16/2003,19:00:36
759,Mathe,1/19/2003,12:03:12
760,Randi,9/24/2006,6:01:21
761,Theressa,1/28/2010,22:28:30
762,Tatiania,7/4/2008,13:19:36
763,Cindie,2/28/2010,2:42:43
764,Ricky,10/13/2009,19:38:52
765,Tilly,6/30/2006,13:26:50
766,Mae,5/10/2005,11:06:02
767,Kelli,7/12/2006,1:49:27
768,Debbi,2/17/2005,17:20:30
769,Alene,4/8/2005,10:05:07
770,Rosana,10/10/2003,18:06:50
771,Toby,11/13/2004,16:16:40
772,Vania,10/19/2006,14:35:23
773,Chandra,1/31/2005,13:14:06
774,Dominic,6/23/2010,7:09:06
775,Edgar,12/4/2007,16:19:42
776,Adriaens,1/23/2006,4:12:22
777,Arleyne,3/28/2008,10:49:10
778,Janey,12/8/2005,0:03:56
779,Coretta,4/24/2009,8:45:05
780,Olenka,12/17/2002,11:40:22
781,Monika,2/14/2003,4:25:06
782,Jo ann,7/13/2008,10:03:29
783,Emilie,3/26/2004,17:43:47
784,Lexis,12/9/2007,17:56:44
785,Ford,3/3/2004,8:24:30
786,Ahmed,10/8/2004,17:01:54
787,Bord,7/24/2005,11:13:14
788,Lars,2/17/2010,17:19:38
789,Tilly,9/8/2006,23:26:35
790,Red,8/9/2003,12:30:26
791,Lem,3/22/2009,23:53:29
792,Jocko,1/1/2009,17:58:10
793,Burtie,4/10/2003,21:43:29
794,Marge,3/27/2002,13:35:22
795,Emalee,1/5/2004,2:09:16
796,Andrus,2/24/2007,16:37:32
797,Pippo,1/14/2009,12:20:47
798,Ole,3/9/2005,17:30:08
799,Corny,11/9/2000,9:31:47
800,Timothy,2/11/2010,14:23:26
801,Ethe,7/6/2009,7:21:39
802,Rollin,1/24/2003,9:46:23
803,Imelda,11/18/2003,14:43:28
804,Dunc,2/26/2010,20:09:45
805,Crissie,5/28/2004,9:07:52
806,Murial,12/30/2002,3:20:52
807,Corabella,1/24/2010,11:05:59
808,Fernanda,4/22/2009,0:11:55
809,Isidore,6/12/2008,5:04:35
810,Davis,9/20/2010,19:13:01
811,Dewey,9/21/2005,21:25:11
812,Moise,11/29/2001,13:53:22
813,Loren,8/29/2006,14:39:36
814,Zulema,4/29/2005,19:32:59
815,Anna-diane,1/22/2004,6:30:03
816,Zebulen,9/12/2008,3:30:08
817,Gloriana,9/14/2002,16:02:03
818,Carie,3/15/2006,15:36:08
819,Eachelle,10/20/2006,3:45:00
820,Haskell,3/11/2002,0:32:02
821,Larina,4/22/2010,22:33:47
822,Burtie,10/11/2007,12:32:05
823,Norma,12/23/2007,7:06:34
824,Holly,1/13/2010,11:38:33
825,Estella,7/15/2006,1:27:26
826,Farra,8/9/2006,20:57:16
827,Marijn,2/23/2004,21:16:11
828,Blakelee,2/6/2008,3:14:56
829,Enrica,4/2/2003,5:44:25
830,Homerus,8/24/2003,9:01:11
831,Mamie,6/20/2010,12:07:22
832,Clyde,2/2/2005,14:12:09
833,Vanna,1/30/2009,11:24:03
834,Kaylee,5/6/2002,0:53:55
835,Brigida,10/21/2008,5:45:46
836,James,8/16/2003,21:24:36
837,Barrie,5/8/2008,13:19:04
838,Wilmer,5/13/2002,11:58:23
839,Basilio,5/18/2005,6:14:01
840,Charlotta,3/24/2005,18:07:14
841,Constancy,4/8/2008,15:27:27
842,Mordy,1/10/2008,22:07:13
843,Darby,7/1/2007,16:34:36
844,Josie,6/16/2008,20:21:12
845,Pauly,5/21/2004,17:24:05
846,Morna,5/24/2004,14:15:33
847,Bran,12/13/2008,13:14:31
848,Jennine,1/17/2005,17:14:11
849,Charlena,12/31/2000,8:25:18
850,Francoise,4/2/2005,13:53:41
851,Brendon,12/20/2006,21:47:40
852,Sile,9/17/2008,13:05:24
853,Alicea,7/19/2004,15:28:22
854,Zachary,12/15/2001,2:51:38
855,Buckie,9/2/2004,12:27:28
856,Idette,2/2/2008,9:43:34
857,Averil,11/12/2009,8:27:29
858,Mirabella,3/30/2003,15:15:56
859,Artemus,12/28/2007,23:45:34
860,Bevon,3/20/2001,7:30:55
861,Colet,6/11/2004,0:09:41
862,Koral,5/26/2003,21:02:42
863,Marv,12/11/2008,17:00:56
864,Brier,4/23/2005,1:40:51
865,Boy,10/18/2006,21:42:21
866,Darleen,3/14/2003,4:06:59
867,Jeannette,10/11/2010,3:02:43
868,Craggy,3/10/2003,1:43:24
869,Tracy,7/3/2007,1:01:00
870,Lionel,6/9/2009,15:09:25
871,Kyle,9/23/2003,5:42:50
872,Gabriela,1/16/2009,2:16:52
873,Wendye,1/3/2009,16:53:25
874,Romona,4/5/2010,22:37:29
875,Fidelio,3/28/2009,18:53:42
876,Hollie,10/14/2008,10:48:55
877,Mike,4/5/2010,22:03:03
878,Jed,2/19/2001,7:19:37
879,Ermentrude,9/15/2004,5:03:09
880,Pammi,11/6/2001,8:13:02
881,Delphine,8/30/2001,8:42:29
882,Reinold,1/23/2007,21:54:43
883,Pamelina,8/29/2002,14:11:58
884,Burg,5/1/2009,1:29:20
885,Jo-anne,5/18/2009,23:55:51
886,Adan,12/25/2002,12:27:17
887,Milo,6/3/2003,16:20:56
888,Rees,12/7/2007,15:27:40
889,Asher,5/21/2009,22:43:05
890,Mel,6/7/2004,2:06:41
891,Vere,11/14/2002,16:09:57
892,Laurena,11/6/2008,4:42:01
893,Korney,10/22/2000,9:22:38
894,Roosevelt,3/26/2001,9:50:31
895,Bertram,8/16/2004,20:06:44
896,Huntington,3/24/2009,15:16:29
897,Garret,11/27/2006,19:22:22
898,Kelci,12/1/2007,13:05:28
899,Christan,8/19/2005,13:42:37
900,Valle,10/2/2004,21:58:08
901,Lexi,4/16/2004,15:47:27
902,Mikey,10/14/2009,20:39:43
903,Marnie,10/5/2003,3:43:15
904,Durward,10/11/2004,13:51:45
905,Casandra,3/10/2004,10:27:29
906,Lishe,9/22/2001,5:30:08
907,Lilah,5/12/2001,16:11:56
908,Kaja,8/19/2005,15:33:49
909,Jeremias,4/20/2008,14:15:04
910,Marlane,5/7/2001,16:11:12
911,Kristien,6/27/2001,18:43:41
912,Myca,6/2/2010,4:33:16
913,Westbrook,10/12/2002,10:09:41
914,Lilith,6/5/2007,6:01:38
915,Fairleigh,12/7/2008,16:13:09
916,Philippe,8/8/2009,7:55:07
917,Alexandre,1/25/2003,11:19:16
918,Melantha,2/23/2001,5:27:57
919,Sophi,12/17/2001,0:11:57
920,Eleni,1/16/2009,13:15:13
921,Roxy,11/19/2009,20:25:25
922,Candie,6/15/2008,15:31:57
923,Vida,9/30/2002,12:51:00
924,Kristan,4/21/2004,13:37:54
925,Matty,8/23/2002,23:51:37
926,Ricardo,4/15/2010,9:38:01
927,Leda,10/26/2005,22:58:36
928,Reeba,9/17/2002,10:24:11
929,Florence,3/5/2007,23:07:31
930,Yves,12/19/2006,16:17:51
931,Kean,7/11/2001,15:38:27
932,Carlen,9/18/2001,5:40:26
933,Stanwood,2/2/2007,14:39:28
934,Levon,2/5/2001,23:34:52
935,Marven,4/30/2010,0:16:42
936,Kylen,8/5/2010,8:12:49
937,Vicky,6/3/2005,9:10:55
938,Wanids,6/10/2003,7:54:43
939,Kirk,12/4/2002,15:24:29
940,Nerti,7/24/2001,18:12:37
941,Bernarr,12/31/2009,4:12:45
942,Kelcie,7/19/2005,8:37:55
943,Vivien,3/2/2004,9:16:38
944,Vi,12/19/2003,12:21:45
945,Maggy,10/17/2008,18:05:26
946,Liv,11/18/2009,7:43:51
947,Cori,1/25/2007,18:11:18
948,Alis,3/21/2002,14:20:17
949,Ninnette,3/17/2002,7:01:25
950,Marne,1/27/2001,22:55:35
951,Heather,2/28/2009,5:46:46
952,Duffie,4/15/2010,23:30:28
953,Cornelle,6/26/2010,20:51:02
954,Cecile,6/24/2003,22:44:37
955,Berke,1/30/2008,10:33:41
956,Idell,5/6/2004,12:59:06
957,Ethelbert,6/21/2008,1:43:18
958,Trefor,2/5/2006,18:21:31
959,Kati,1/3/2003,11:11:28
960,Romy,7/3/2010,22:04:16
961,Evered,5/25/2004,22:55:06
962,Jacquelin,3/24/2010,14:33:19
963,Milissent,4/28/2010,15:01:08
964,Trixy,3/10/2002,13:56:04
965,Frankie,12/18/2009,14:17:49
966,Nikolos,11/17/2003,11:25:15
967,Abraham,11/18/2000,20:54:34
968,Jard,2/3/2008,3:27:08
969,Herschel,7/25/2003,5:04:03
970,Suellen,2/3/2004,11:09:07
971,Darb,2/10/2006,17:11:11
972,Florencia,9/26/2001,4:32:56
973,Abagael,10/21/2008,23:14:31
974,Gertrudis,6/7/2004,2:57:52
975,Selinda,6/27/2003,20:50:49
976,Amory,12/15/2000,23:18:22
977,Hasty,3/16/2006,8:03:52
978,Sibley,10/24/2004,19:59:04
979,Dolorita,7/14/2009,8:07:12
980,Sunshine,3/17/2006,10:26:45
981,Gratia,6/3/2001,7:08:21
982,Nevins,12/15/2007,17:10:51
983,Ainslie,12/8/2003,7:34:27
984,Jenna,3/11/2001,4:16:10
985,Elsy,5/4/2003,15:30:04
986,Sonni,8/6/2010,23:39:54
987,Lucita,6/1/2009,23:39:53
988,Antoni,4/19/2006,6:24:12
989,Burke,7/18/2005,4:37:18
990,Marty,7/21/2008,23:50:41
991,Itch,5/25/2003,9:20:41
992,Barbara,2/11/2010,4:40:59
993,Bradney,5/28/2001,0:37:28
994,Shane,6/12/2005,2:16:02
995,Moore,6/15/2002,3:11:45
996,Jerad,7/20/2008,5:25:10
997,Anderea,8/22/2001,13:07:32
998,Jesse,12/1/2007,21:25:04
999,Emmerich,1/22/2004,14:24:26
1000,Farlie,4/16/2009,12:15:30
